donor_id,full_name,age,gender,blood_group,city,contact_number,email,password,is_available,registered_at
1,Victoria Graham,39,Male,B-,Quetta,03531503604,mooregina@example.com,hashed_password_1,0,2026-01-13 17:15:25
2,Denise Walter,46,Male,AB-,Faisalabad,03708412856,matthew96@example.com,hashed_password_2,1,2026-05-09 22:39:23
3,Anthony Berg,27,Male,A-,Karachi,03595950725,yriley@example.net,hashed_password_3,0,2026-04-21 00:07:05
4,John Blackburn,20,Female,A+,Rawalpindi,03361924589,jeffery10@example.com,hashed_password_4,1,2026-03-17 09:39:54
5,Gabrielle Bryan,49,Female,A-,Multan,03371265650,laurenwilliams@example.net,hashed_password_5,1,2026-04-10 12:13:02
6,Sophia Reed DDS,34,Female,A-,Faisalabad,03625481979,mahoneykara@example.net,hashed_password_6,1,2026-02-15 04:01:14
7,Mark Bird,43,Female,B+,Hyderabad,03428243654,deborah56@example.com,hashed_password_7,1,2026-04-03 04:30:58
8,Debra Sharp,47,Male,A+,Hyderabad,03439755084,kelleysarah@example.net,hashed_password_8,1,2026-01-29 03:02:56
9,Jeremy Marks,26,Male,AB-,Lahore,03640808948,rriggs@example.net,hashed_password_9,1,2026-03-13 19:05:58
10,Samuel Conrad,41,Male,AB-,Lahore,03192646639,qbooker@example.net,hashed_password_10,1,2026-02-14 09:08:54
11,Michael Pierce,34,Female,O+,Faisalabad,03693314143,michaelkirk@example.net,hashed_password_11,1,2026-01-24 19:27:49
12,Leslie Reed,36,Female,A+,Multan,03320251654,scottcody@example.org,hashed_password_12,1,2026-03-23 12:52:30
13,Mary Watson,47,Female,O+,Karachi,03221806054,walshchristopher@example.com,hashed_password_13,0,2026-05-08 04:43:50
14,Ryan Green,40,Female,O+,Lahore,03840234616,shaffermolly@example.net,hashed_password_14,1,2026-03-07 19:18:42
15,Michael Brown,40,Male,A+,Multan,03301016073,michaelowen@example.com,hashed_password_15,0,2026-01-26 12:29:36
16,Kyle Golden,28,Female,A+,Kohat,03331524564,kristenriley@example.org,hashed_password_16,1,2026-03-12 22:52:45
17,Brian Garcia,38,Male,AB-,Peshawar,03365797614,imills@example.org,hashed_password_17,1,2026-01-24 22:13:00
18,Diana Liu,45,Female,AB-,Kohat,03748617012,james45@example.org,hashed_password_18,0,2026-01-19 14:40:08
19,Isaac Marshall,33,Male,AB+,Quetta,03876772864,odonnelljoseph@example.org,hashed_password_19,0,2026-03-10 22:43:00
20,Melissa Arroyo,23,Female,B+,Kohat,03999742346,aguilaramy@example.com,hashed_password_20,1,2026-04-24 17:32:53
21,Eddie Elliott,47,Male,A+,Islamabad,03496939387,barnettnina@example.com,hashed_password_21,1,2026-05-09 02:02:08
22,Michael Tate,40,Male,AB-,Kohat,03614054143,johnallen@example.net,hashed_password_22,0,2026-01-17 04:19:32
23,Jennifer Ball,48,Female,AB-,Rawalpindi,03357131671,vsmith@example.com,hashed_password_23,0,2026-01-04 19:46:42
24,Jason Navarro,33,Male,A-,Karachi,03407238475,cindy70@example.com,hashed_password_24,1,2026-02-16 15:07:58
25,James Williams,46,Female,A-,Faisalabad,03807693840,bevans@example.org,hashed_password_25,0,2026-04-05 09:55:59
26,Brittany Smith,42,Female,B+,Karachi,03525217585,nicholas75@example.com,hashed_password_26,1,2026-04-19 04:20:16
27,Richard Perez,35,Male,B+,Faisalabad,03441737275,vcastillo@example.com,hashed_password_27,1,2026-02-05 12:45:12
28,George Adams,21,Female,A-,Rawalpindi,03251145839,lopezkatherine@example.org,hashed_password_28,0,2026-03-26 17:13:56
29,Corey White,33,Male,A+,Rawalpindi,03189758124,wrodriguez@example.com,hashed_password_29,0,2026-04-30 08:07:05
30,Holly Shields,50,Male,B+,Islamabad,03873203345,bshort@example.net,hashed_password_30,1,2026-02-27 12:38:23
31,Deborah Zavala,46,Female,B+,Peshawar,03468712861,roseevans@example.org,hashed_password_31,1,2026-03-29 20:39:44
32,Karen Wilkins,47,Female,A-,Peshawar,03655703261,jennifer52@example.net,hashed_password_32,1,2026-02-28 05:27:24
33,Robert Peterson,40,Female,O+,Rawalpindi,03311412444,brianeaton@example.org,hashed_password_33,0,2026-05-08 06:43:50
34,Clinton Kelly,28,Male,B-,Kohat,03259306032,colleen24@example.com,hashed_password_34,0,2026-05-11 02:21:05
35,Joseph Ramos,21,Female,AB+,Rawalpindi,03673990273,christina71@example.net,hashed_password_35,0,2026-04-05 21:18:03
36,Joseph Greene,42,Female,B+,Kohat,03490260997,smithrobert@example.net,hashed_password_36,1,2026-04-03 12:11:36
37,Zachary Johnson,29,Female,O+,Karachi,03638289519,murphyclinton@example.net,hashed_password_37,0,2026-01-30 07:09:42
38,Laura Cole,28,Female,AB-,Lahore,03941984283,steven33@example.com,hashed_password_38,1,2026-02-15 20:54:24
39,Garrett Rodriguez,34,Female,B+,Faisalabad,03309813407,bridgetgomez@example.com,hashed_password_39,1,2026-03-16 22:03:32
40,Dominique Wright,20,Male,B+,Multan,03997986272,arthurgraham@example.org,hashed_password_40,0,2026-04-19 00:11:50
41,Nicole Gomez,31,Female,AB+,Rawalpindi,03412671332,iharper@example.net,hashed_password_41,0,2026-02-10 04:40:47
42,Brandon Marquez,37,Male,B+,Faisalabad,03644681580,carolynwalker@example.org,hashed_password_42,0,2026-03-12 04:21:21
43,Ashley Jimenez,34,Female,B+,Lahore,03115157371,bianca35@example.net,hashed_password_43,1,2026-04-21 10:22:38
44,Linda Peterson,18,Female,O-,Karachi,03402299001,amy02@example.net,hashed_password_44,1,2026-02-16 11:21:50
45,Rebecca Mitchell,27,Female,O-,Rawalpindi,03341429291,rleonard@example.com,hashed_password_45,0,2026-02-19 15:06:41
46,Edward Smith,50,Male,O+,Karachi,03827086822,derricklong@example.com,hashed_password_46,1,2026-01-24 08:15:13
47,Jack Deleon,44,Male,B-,Rawalpindi,03444463570,ykim@example.com,hashed_password_47,0,2026-05-05 01:00:24
48,John Walker,26,Male,A-,Islamabad,03106375214,phillipsmichael@example.org,hashed_password_48,1,2026-03-15 08:41:42
49,Elizabeth Mccullough,43,Male,AB+,Islamabad,03813720773,johnsonsusan@example.net,hashed_password_49,1,2026-02-02 17:42:46
50,Jason Morgan,42,Male,B-,Multan,03869937257,bradshawmarcus@example.com,hashed_password_50,0,2026-05-02 21:26:46
51,Christopher Salas,35,Female,B+,Islamabad,03206972800,henryanderson@example.com,hashed_password_51,0,2026-04-06 02:16:23
52,Tristan Klein,39,Male,A+,Multan,03290487285,monicakelly@example.net,hashed_password_52,1,2026-01-08 17:52:56
53,Jessica Bryant,36,Female,O+,Rawalpindi,03485070837,robersonholly@example.com,hashed_password_53,0,2026-02-16 15:07:09
54,Justin Oconnell,44,Female,A+,Quetta,03225170708,edgar73@example.com,hashed_password_54,0,2026-01-26 01:17:43
55,Jesse Lozano,34,Male,O+,Lahore,03795119533,samuelwatkins@example.net,hashed_password_55,0,2026-02-02 20:11:16
56,Courtney Craig,39,Male,B+,Multan,03390886732,kathy97@example.org,hashed_password_56,1,2026-01-14 12:02:30
57,Kimberly Miller,25,Female,A+,Peshawar,03543431614,doriscalderon@example.net,hashed_password_57,0,2026-04-19 17:35:46
58,William Young,18,Female,AB-,Peshawar,03995963903,ambercrawford@example.org,hashed_password_58,0,2026-02-13 09:03:56
59,Kimberly Cross,40,Female,A-,Quetta,03991556190,lballard@example.com,hashed_password_59,0,2026-02-11 20:04:24
60,William Mclean,42,Female,AB-,Peshawar,03179060567,gomezjulie@example.com,hashed_password_60,1,2026-04-03 09:10:49
61,Wesley Lee,34,Male,B-,Islamabad,03158927809,rsmith@example.com,hashed_password_61,0,2026-02-16 12:35:02
62,Jordan Martin,45,Female,AB+,Kohat,03984055466,matthewramsey@example.com,hashed_password_62,1,2026-03-31 07:37:31
63,Casey Webb,49,Female,O+,Peshawar,03488753111,robert42@example.org,hashed_password_63,1,2026-04-18 21:43:37
64,Heather Reed,48,Male,B-,Faisalabad,03266508957,jeffery40@example.org,hashed_password_64,1,2026-02-21 04:10:24
65,Chad Wilcox,28,Female,B+,Quetta,03604369396,timothyanderson@example.com,hashed_password_65,1,2026-01-04 12:30:26
66,Carol Warner,19,Female,AB+,Kohat,03150987279,david60@example.org,hashed_password_66,0,2026-03-28 16:43:06
67,Matthew Aguilar,21,Female,A-,Kohat,03924590036,kellywilson@example.org,hashed_password_67,0,2026-04-01 15:06:50
68,Lauren Marquez,35,Male,O+,Faisalabad,03906803714,xschroeder@example.net,hashed_password_68,1,2026-01-27 03:25:08
69,Christina Smith,24,Female,A-,Karachi,03889275890,jennifercruz@example.net,hashed_password_69,1,2026-04-14 18:02:34
70,Beth Ramos,27,Male,AB-,Hyderabad,03208243399,sarah89@example.net,hashed_password_70,1,2026-04-23 04:38:44
71,John Hunt,44,Female,A+,Kohat,03658097467,garciatiffany@example.org,hashed_password_71,1,2026-02-03 09:41:00
72,Kelly Wilson,30,Female,A-,Faisalabad,03259838467,caitlinsparks@example.org,hashed_password_72,0,2026-03-24 21:56:08
73,Judith Owens,44,Male,AB+,Faisalabad,03353080831,william63@example.com,hashed_password_73,0,2026-02-08 15:44:06
74,Tammy Burke,25,Male,AB-,Lahore,03147473503,jillian87@example.com,hashed_password_74,1,2026-02-10 15:04:59
75,Ronald Cook,31,Female,A+,Peshawar,03737551498,thomaslori@example.org,hashed_password_75,1,2026-01-23 11:26:12
76,Edward Hartman,21,Male,A-,Kohat,03667252515,ehernandez@example.org,hashed_password_76,1,2026-03-03 01:10:38
77,Catherine Duarte,27,Female,B-,Faisalabad,03683138049,todddavis@example.org,hashed_password_77,0,2026-02-12 21:36:49
78,Walter Kelly,47,Female,AB+,Quetta,03790331769,donna88@example.com,hashed_password_78,0,2026-02-09 04:05:09
79,Tina Wilson,21,Female,O+,Peshawar,03339812483,lauren44@example.com,hashed_password_79,0,2026-02-13 19:25:38
80,Michelle Scott,47,Male,AB+,Peshawar,03564790755,jessebrown@example.org,hashed_password_80,0,2026-01-29 09:15:45
81,Raymond Mcguire,37,Female,O-,Quetta,03413182859,fleon@example.org,hashed_password_81,1,2026-04-23 14:06:37
82,Tracy Martinez,32,Female,A-,Karachi,03620063853,thomas94@example.org,hashed_password_82,1,2026-02-13 03:39:14
83,Tanya Phillips,47,Male,A-,Quetta,03361598296,shawsandra@example.net,hashed_password_83,0,2026-04-06 05:32:43
84,Erica Clark,50,Female,O-,Faisalabad,03146582574,melanieparker@example.com,hashed_password_84,0,2026-01-05 01:51:48
85,Tracy Jones,36,Female,B-,Rawalpindi,03693975809,wisejohn@example.org,hashed_password_85,0,2026-04-12 05:05:34
86,Todd Rogers,37,Female,B+,Islamabad,03108708747,danderson@example.net,hashed_password_86,0,2026-03-01 09:07:37
87,Kyle Alvarez,31,Female,AB-,Peshawar,03919673108,justinzamora@example.org,hashed_password_87,0,2026-02-16 22:30:05
88,Krystal Delgado,43,Female,A+,Peshawar,03756448119,lisa78@example.net,hashed_password_88,0,2026-04-17 05:44:04
89,Michelle Stein,33,Male,AB+,Kohat,03241178441,lindsey57@example.com,hashed_password_89,0,2026-03-04 15:25:17
90,Debbie Garza,23,Female,O-,Quetta,03765358190,ugilbert@example.org,hashed_password_90,1,2026-02-22 07:21:01
91,Veronica Deleon,42,Female,O-,Karachi,03807543301,meredith53@example.org,hashed_password_91,0,2026-01-15 09:58:15
92,Ashley Hester,50,Female,A+,Peshawar,03567029296,adam18@example.net,hashed_password_92,1,2026-01-09 18:21:11
93,Austin Dennis,43,Female,O-,Kohat,03671302048,stephaniebeard@example.net,hashed_password_93,1,2026-03-06 22:05:09
94,Brent Clark,30,Female,O+,Faisalabad,03774249772,oliviamaddox@example.com,hashed_password_94,1,2026-01-26 16:14:15
95,Robert Gill,30,Male,AB+,Lahore,03514982250,adam14@example.org,hashed_password_95,1,2026-03-30 18:29:27
96,Kevin Stein,34,Female,A-,Lahore,03281310203,ibrowning@example.net,hashed_password_96,0,2026-04-13 05:35:29
97,Ryan Warner,33,Male,AB+,Peshawar,03960536403,qwood@example.com,hashed_password_97,1,2026-02-16 15:32:53
98,Lindsay Campbell,27,Male,B-,Faisalabad,03728518960,aspencer@example.org,hashed_password_98,1,2026-03-05 06:42:09
99,Jessica Ochoa,36,Male,O+,Kohat,03983179959,gcarroll@example.org,hashed_password_99,0,2026-02-14 09:08:51
100,Diane Zhang,22,Male,AB+,Peshawar,03432885459,jmills@example.net,hashed_password_100,1,2026-02-10 16:10:12
